{
    "loss": 0.6480065584182739,
    "accuracy": 0.9482758641242981
}